{
    "$schema": "http://schemas.management.azure.com/schemas/2015-01-01/deploymentTemplate.json#",
    "contentVersion": "1.0.0.0",
    "parameters": {
        "appName": {
            "type": "string",
            "metadata": {
                "description": "The name of the webapp"
            }
        },
        "hostingPlanName": {
            "type": "string"
        },
        "packageUri": {
            "type": "string"
        },
        "sqlconn": {
            "type": "string"
        }
    },
    "resources": [
        {
            "type": "Microsoft.Web/serverfarms",
            "apiVersion": "2015-04-01",
            "name": "[parameters('hostingPlanName')]",
            "location": "[resourceGroup().location]",
            "properties": {
                "name": "[parameters('hostingPlanName')]"
            }
        },
        {
            "apiVersion": "2015-08-01",
            "type": "Microsoft.Web/sites",
            "name": "[parameters('appName')]",
            "location": "[resourceGroup().location]",
            "kind": "app",
            "dependsOn": [
                "[resourceId('Microsoft.Web/serverfarms', parameters('hostingPlanName'))]"
            ],
            "properties": {
                "serverFarmId": "[resourceId('Microsoft.Web/serverfarms', parameters('hostingPlanName'))]"
            },
            "resources": [
                {
                    "apiVersion": "2015-08-01",
                    "name": "web",
                    "type": "config",
                    "location": "[resourceGroup().location]",
                    "dependsOn": [
                        "[concat('Microsoft.Web/sites/', parameters('appName'))]",
                        "[concat('Microsoft.Web/sites/', parameters('appName'), '/extensions/MSDeploy')]"
                    ],
                    "properties": {
                        "alwaysOn": true
                    }
                },
                {
                    "apiVersion": "2015-08-01",
                    "name": "appSettings",
                    "type": "config",
                    "location": "[resourceGroup().location]",
                    "dependsOn": [
                        "[concat('Microsoft.Web/sites/', parameters('appName'))]",
                        "[concat('Microsoft.Web/sites/', parameters('appName'), '/extensions/MSDeploy')]"
                    ],
                    "properties": {
                        "EVENTS_SQLCONN": "[parameters('sqlconn')]"
                    }
                },
                {
                    "apiVersion": "2015-08-01",
                    "type": "extensions",
                    "name": "MSDeploy",
                    "dependsOn": [
                        "[resourceId('Microsoft.Web/sites/', parameters('appName'))]"
                    ],
                    "properties": {
                        "packageUri": "[parameters('packageUri')]",
                        "dbType": "None",
                        "connectionString": "",
                        "setParameters": {}
                    }
                }
            ]
        }
    ]
}